<?xml version="1.0" encoding="UTF-8"?>
<vocabulary>
    <!-- rel=controlledVocabulary or rel=localVocabulary
    -->

<!--
<beans xmlns="http://www.springframework.org/schema/beans"
xmlns:xsi="http://www.w3.org/2001/XMLSchema-instance">

<bean id="a1" class="org.codehaus.groovy.grails.commons.GrailsApplicationFactoryBean">
    <description>Grails application factory bean</description>
    <property name="grailsDescriptor" value="" />

    <meta key="" value=""/>
</bean>


<bean id="a6"
    class="org.springframework.web.filter.CharacterEncodingFilter">
    <property name="encoding">
        <value>utf-8</value>
    </property>
</bean>

</beans>
-->
    <shelf>
        <concepts>
            <commonMetadata>
                <classProperties>
                    <property>
                        <name></name>
                        <relations>
                            <relation rel="controlledVocabulary" type="true">
                                <uri>a uri with codesystem and code OR</uri>
                                <altNamespace></altNamespace>
                                <codeSystem></codeSystem>
                                <code></code>
                            </relation>
                        </relations>
                    </property>
                </classProperties>
            </commonMetadata>
            <classConcept>
                <classUri></classUri>
                <preferredLabel></preferredLabel>
                <shortLabel></shortLabel>

                <classMetaProperties>
                    <classProperties>
                        <property>
                            <name></name>
                            <relations>
                                <relation rel="controlledVocabulary" type="true">
                                    <uri>a uri with codesystem and code OR</uri>
                                    <altNamespace></altNamespace>
                                    <codeSystem></codeSystem>
                                    <code></code>
                                </relation>
                            </relations>
                        </property>
                    </classProperties>
                </classMetaProperties>

                <classProperties>
                    <property>
                        <name></name>
                        <relations>
                            <relation rel="controlledVocabulary" type="true">
                                <uri>a uri with codesystem and code OR</uri>
                                <altNamespace></altNamespace>
                                <codeSystem></codeSystem>
                                <code></code>
                            </relation>
                        </relations>
                    </property>
                </classProperties>

            </classConcept>
        </concepts>
    </shelf>
</vocabulary>