<?xml version="1.0" encoding="UTF-8"?>
<vocabulary>
    <shelf>
        <concept>
            <uri></uri>
            <altNamespace></altNamespace>
            <codeSystem></codeSystem>
            <!-- used to build namespace -->
            <code></code>
            <preferredLabel></preferredLabel>
            <shortLabel></shortLabel>

            <relation>
                <!-- tag? groupBy-->
                <refersTo rel="mainGroup">uri:riskFactorOverview</refersTo>
                <refersTo rel=""></refersTo>
            </relation>

            <labels> <!-- by language -->
                <label></label>
            </labels>
        </concept>
    </shelf>
</vocabulary>